Model,Image,IoU,Accuracy,Precision,Recall,Colocalised
Aimee,Aimee_pvcresox14_GM.tif,0.4802772958655501,0.9997589755548582,0.5521438655241472,0.7867769174990059,0.7366071428571429
Aimee,Aimee_rabies_GM.tif,0.7884215576523269,0.9999965957074521,0.8281538719973123,0.9426386233269598,0.8888888888888888
